id;isbn;title;description
1;Cambridgeshire;Road;Walk synthesize Customer
2;markets parse;invoice virtual;quantifying solid state
3;responsive;silver;override deposit transmitting
4;Rustic;Fresh;Manager
5;world-class;Rhode Island Frozen;streamline bypass Cambridgeshire
6;Bedfordshire EXE bypass;HDD deposit;auxiliary methodologies
7;salmon Vietnam;Legacy Parkways New Caledonia;Central synthesize indigo
8;Ohio Valleys Books;compress sensor clicks-and-mortar;Bedfordshire
9;reciprocal salmon;Orchestrator;payment
10;quantify;Health;access
